{"products":[{"id":"0.9238767112770461","qty":1}],"totalPrice":8.989999999999998}